{
  "mode": "single_item",
  "trial_count": 3,
  "trials": [
    {
      "summary_json": "/home/kanna/artifacts/multi-item-scoring-v1-battletest-20260213-20260217/phase_regression_single_item_main_vs_feat/feat/single_item_20260214T042257Z/trial_01_summary.json",
      "error_rate": 0.0,
      "throughput_items_per_sec": 30.577171943163783,
      "p50_latency_ms": 32.13851399777923,
      "p95_latency_ms": 33.5075204478926,
      "p99_latency_ms": 41.43553261324996,
      "requests_total": 500,
      "requests_error": 0
    },
    {
      "summary_json": "/home/kanna/artifacts/multi-item-scoring-v1-battletest-20260213-20260217/phase_regression_single_item_main_vs_feat/feat/single_item_20260214T042257Z/trial_02_summary.json",
      "error_rate": 0.0,
      "throughput_items_per_sec": 29.961112491193234,
      "p50_latency_ms": 33.0522089934675,
      "p95_latency_ms": 33.74020651244791,
      "p99_latency_ms": 36.672804602130775,
      "requests_total": 500,
      "requests_error": 0
    },
    {
      "summary_json": "/home/kanna/artifacts/multi-item-scoring-v1-battletest-20260213-20260217/phase_regression_single_item_main_vs_feat/feat/single_item_20260214T042257Z/trial_03_summary.json",
      "error_rate": 0.0,
      "throughput_items_per_sec": 30.403325574717723,
      "p50_latency_ms": 32.49530401080847,
      "p95_latency_ms": 33.646409957145806,
      "p99_latency_ms": 36.093682689825066,
      "requests_total": 500,
      "requests_error": 0
    }
  ],
  "throughput_items_per_sec": {
    "mean": 30.313870003024913,
    "stddev": 0.2593376647933849,
    "min": 29.961112491193234,
    "max": 30.577171943163783
  },
  "p50_latency_ms": {
    "mean": 32.562009000685066,
    "stddev": 0.3759847541610136,
    "min": 32.13851399777923,
    "max": 33.0522089934675
  },
  "p95_latency_ms": {
    "mean": 33.63137897249544,
    "stddev": 0.09558643221095448,
    "min": 33.5075204478926,
    "max": 33.74020651244791
  },
  "p99_latency_ms": {
    "mean": 38.06733996840193,
    "stddev": 2.3933779220917617,
    "min": 36.093682689825066,
    "max": 41.43553261324996
  },
  "error_rate": {
    "mean": 0.0,
    "stddev": 0.0,
    "min": 0.0,
    "max": 0.0
  }
}